id_product,name_product,url_product,brand,actual_price_item,old_price_item
608346,"Сыр Le Superbe Tete De Moine полутвердый 52%, ~1кг",https://online.metro-cc.ru/products/tet-de-muan-lesuperbe-bzmzh,LE SUPERBE,4529,4199
591769,"Сыр Le Superbe Diabolo Gourmet твердый 50%, ~1.2кг",https://online.metro-cc.ru/products/lustenberger-diabolo-gourmet-50-12kg-bzmzh,LE SUPERBE,3549,3399
13270,"Сыр Cooking Кремчиз мягкий 70%, 5.5кг",https://online.metro-cc.ru/products/cooking-kremchiz-55kg-bzmzh,COOKING,2739,2759
589172,"Сыр Le Superbe Cheddar полутвердый 50%, ~1.8кг",https://online.metro-cc.ru/products/lustenberger-cheddar-15kg-bzmzh,LE SUPERBE,2599,2289
591773,"Сыр Le Superbe Saint Christoph мягкий 47%, ~1.7кг",https://online.metro-cc.ru/products/lustenberger-saint-christoph-le-superbe-17kg-bzmzh,LE SUPERBE,2479,3279
584288,"Сыр President Brie 60%, ~2.9кг",https://online.metro-cc.ru/products/art_584288,PRESIDENT,2198,1999
574685,"Сыр Laime Пармезан 40%, ~1.1кг",https://online.metro-cc.ru/products/laime-parmezan-40-11kg-bzmzh,LAIME,1999,1999
516247,"Сыр Dolce Granto Пармезан твердый 40%, ~200г",https://online.metro-cc.ru/products/dolce-parmezan-300g-bzmzh,DOLCE,1899,1899
662680,"Сыр Cooking Моцарелла Пицца полутвердый 42%, 2.6кг",https://online.metro-cc.ru/products/42-cooking-mocarella-picca-polutverdyj-2600g-bzmzh,COOKING,1749,1599
436558,"Сыр Mlekara Sabac Каймак мягкий сливочный 70%, 2кг",https://online.metro-cc.ru/products/kajmak-sabao-ad-70-2kg-bzmzh,MLEKARA SABAC,1648,1499
13252,"Сыр Cooking Моцарелла Пицца полутвердый 42%, 2.6кг",https://online.metro-cc.ru/products/cooking-mocarellaya-dlya-piccy-26kg-bzmzh,COOKING,1648,1499
68868,"METRO Chef Сыр Пармезан кусок 32%, ~700г",https://online.metro-cc.ru/products/parmezan-32-metro-chef,METRO CHEF,1619,1619
94129,"METRO Chef Сыр с голубой плесенью 60%, ~1.3кг",https://online.metro-cc.ru/products/art_94129,METRO CHEF,1599,1599
636240,"Сыр Cheese Gallery Пармезан 6 месяцев выдержки, ~1кг",https://online.metro-cc.ru/products/cheese-gallery-parmezan-1kg-bzmzh,CHEESE GALLERY,1599,1599
63737,"Сыр Киприно Пармезан твердый 34%, ~1кг",https://online.metro-cc.ru/products/kiprino-parmezan-bez-zamenitelya-molochnyh-zhirov-2-kg,КИПРИНО,1569,1529
125539,"Сыр Эконива Дюрр твердый 50%, ~0.9кг",https://online.metro-cc.ru/products/50-dyurr-ekoniva-bzmzh-1-8kg,ЭКОНИВА,1519,1499
118501,"Набор сыров Depardieu Recommande Parmedjano Perfetto 45% + Parmedjano Eccellente 45% 250г x 2шт, 500г",https://online.metro-cc.ru/products/500g-n-syr-45-parmed-perfetto-24m-eccellente-36m-bzmzh,DEPARDIEU RECOMMANDE,1509,1399
136305,"Сыр Labas Rytas твердый выдержанный Brandus 45%, ~1.3кг",https://online.metro-cc.ru/products/syr-labas-rytas-tverdyy-vyderzhannyy-brandus-45-13kg,LABAS RYTAS,1509,1419
639888,"Сыр творожный President Professionnel Cream Cheese сливочный 65%, 2.2кг",https://online.metro-cc.ru/products/president-22kg-bzmzh,PRESIDENT PROFESSIONNEL,1428,1299
637252,"Сыр Кабош Маасдам 45%, ~1кг",https://online.metro-cc.ru/products/kabosh-maasdam-45-1-kg,КАБОШ,1379,1349
213133,"Сыр Кабош Kilt 45%, ~1кг",https://online.metro-cc.ru/products/1kg-syr-kilt-45-kabosh-bzmzh,КАБОШ,1329,1239
621733,"METRO Chef Сыр Эмменталер 45%, ~1кг",https://online.metro-cc.ru/products/emmentaler-metro-chef-45-brusok-1-kg,METRO CHEF,1329,1129
94130,"METRO Chef Сыр Гойя твердый 40%, ~1кг",https://online.metro-cc.ru/products/art_94130,METRO CHEF,1279,1179
220191,"Сыр Савушкин продукт творожный сливочный 65%, 2.4кг",https://online.metro-cc.ru/products/24kg-syr-tvorozhnyy-65-savushkin-produkt-bzmzh,САВУШКИН ПРОДУКТ,1269,1119
621673,"METRO Chef Сыр Чеддар красный 50%, 1кг",https://online.metro-cc.ru/products/cheddar-krasnyj-narezka-50-metro-chef-1000-g,METRO CHEF,1249,1099
54369,"Сыр Киприно Швейцарский твердый 50%, ~1кг",https://online.metro-cc.ru/products/art_54369,КИПРИНО,1249,1199
580550,"Сыр Предгорье Кавказа Бочонок сухой копченый 45%, 500г",https://online.metro-cc.ru/products/suhoj-predgorye-kavkaza-bochonok-kopchenyj-40-paket-500g-bzmzh,ПРЕДГОРЬЕ КАВКАЗА,1239,1099
604286,"METRO Chef Сыр Пармезан хлопья 32%, 500г",https://online.metro-cc.ru/products/hlopya-parmezana-metro-chef-32-500-g-bzmzh,METRO CHEF,1219,1039
87386,"Сыр Киприно Алтайский 50%, ~1.5кг",https://online.metro-cc.ru/products/altajskij-kiprino-50-15kg-bzmzh,КИПРИНО,1209,1199
213553,"Сыр мягкий Natura Pro сливочный 65%, 2кг",https://online.metro-cc.ru/products/2kg-syr-myagkiy-65-natura-pro-slivochnyy-bzmzh,NATURA PRO,1208,1099
319689,"Сыр Тамбовский Сулугуни 45%, ~600г",https://online.metro-cc.ru/products/suluguni-tambovskij-45-600g-bzmzh,ТАМБОВСКИЙ,1199,1099
621687,"METRO Chef Сыр Маасдам 45%, ~1кг",https://online.metro-cc.ru/products/metro-chef-maasdam-45-bez-soderzhaniya-molochnogo-zhira-1-kg,METRO CHEF,1199,1049
222943,"Сыр Oldenburger песто красный 50%, ~1кг",https://online.metro-cc.ru/products/1kg-syr-50-oldenburger-pesto-krasnyy-bzmzh,OLDENBURGER,1199,1199
222939,"Сыр Oldenburger песто зеленый 50%, ~1кг",https://online.metro-cc.ru/products/1kg-syr-50-oldenburger-pesto-zelyonyy-bzmzh,OLDENBURGER,1199,1199
13292,"Сыр Cooking Кремчиз мягкий 70%, 2.25кг",https://online.metro-cc.ru/products/cooking-kremchiz-225kg-bzmzh,COOKING,1129,1099
70386,"Сыр Ламбер Сливочный полутвердый 55%, ~1кг",https://online.metro-cc.ru/products/lamber-slivochnyj-55-1kg-bzmzh,ЛАМБЕР,1109,1049
133351,"Сыр творожный Lubimo & Zdravo 65%, 2кг",https://online.metro-cc.ru/products/tvorozhnyj-65-lubimo-zdravo-2kg-bzmzh,LUBIMO & ZDRAVO,1099,1099
621692,"METRO Chef Сыр Маасдам 45%, ~2.5кг",https://online.metro-cc.ru/products/maasdam-45-metro-chef-vesovoj,METRO CHEF,1098,999
119949,"METRO Chef Сыр легкий 30%, ~1кг",https://online.metro-cc.ru/products/1kg-30-legkij-metro-chef-bzmzh,METRO CHEF,1089,1089
44241,"Сыр Cooking Рикотта, 2.25кг",https://online.metro-cc.ru/products/rikotta-cooking-225kg-bzmzh,COOKING,1079,949
216424,"Сыр Менестрель трюфель полутвердый, 300г",https://online.metro-cc.ru/products/syr-menestrel-tryufel-polutverdyy-300g,МЕНЕСТРЕЛЬ,1079,999
621690,"METRO Chef Сыр Чеддар красный полутвердый 50%, ~1кг",https://online.metro-cc.ru/products/cheddar-metro-chef-krasnyj-50-1-kg,METRO CHEF,1079,1049
219711,"Сыр Луговая свежесть Сулугуни 25%, ~700г",https://online.metro-cc.ru/products/suluguni-lugovaya-svezhest-25-700g-bzmzh,ЛУГОВАЯ СВЕЖЕСТЬ,1069,999
653647,"METRO Chef Сыр сулугуни копченый, ~600г",https://online.metro-cc.ru/products/suluguni-kopchenyj-bez-soderzhaniya-molochnogo-zhira-metro-chef-06-kg,METRO CHEF,1069,979
130897,"METRO Chef Сыр с пажитником 50%, ~1кг",https://online.metro-cc.ru/products/metro-chef-syr-s-pazhitnikom-50-1kg-bzmzh,METRO CHEF,1059,1059
621695,"METRO Chef Сыр Чеддар красный 50%, ~2.5кг",https://online.metro-cc.ru/products/metro-chef-cheddar-krasnyj-50-bez-soderzhaniya-molochnogo-zhira-25kg,METRO CHEF,1021,929
122882,"METRO Chef Сыр Мраморный полутвердый, ~1кг",https://online.metro-cc.ru/products/1kg-45-metro-chef-mramornyj-brus-bzmzh,METRO CHEF,999,999
119951,"METRO Chef Сыр сливочный топленый молочный, ~1кг",https://online.metro-cc.ru/products/1kg-50-ross-sl-metro-chef-topl-mol-bzmzh,METRO CHEF,999,999
663492,"Сыр Le Superbe Swiss Gourmet для фондю полутвердый 40%, 400г",https://online.metro-cc.ru/products/molokosoderzhaschij-produkt-lesuperbe-dlya-prigotovleniya-syrnogo-sousa-fondyu-400g,LE SUPERBE,999,1149
118483,"Сыр Луговая свежесть Адыгейский 45%, ~150г",https://online.metro-cc.ru/products/150g-45-adygejskij-lugovaya-svezhest-bzmzh,ЛУГОВАЯ СВЕЖЕСТЬ,989,889
653646,"METRO Chef Сыр сулугуни 45%, ~600г",https://online.metro-cc.ru/products/suluguni-45-metro-chef-vesovoj,METRO CHEF,979,899
133013,"Сыр Ларец с грецким орехом 50%, ~1кг",https://online.metro-cc.ru/products/syr-larets-s-gretskim-orehom-50-1kg-bzmzh,ЛАРЕЦ,969,1199
627947,"METRO Chef Сыр Маскарпоне, 1.15кг",https://online.metro-cc.ru/products/metro-chef-maskarpone-115-g,METRO CHEF,949,949
516316,"Сыр Natura cливочный полутвердый 45%, ~4кг",https://online.metro-cc.ru/products/natura-slivochnyj-45-4kg-bzmzh,NATURA,939,929
621688,"METRO Chef Сыр Тильзитер 45%, ~1кг",https://online.metro-cc.ru/products/metro-chef-tilziter-45,METRO CHEF,939,889
119950,"METRO Chef Сыр Российский сливочный, ~1кг",https://online.metro-cc.ru/products/1kg-50-rossijskij-metro-chef-sliv-bzmzh,METRO CHEF,919,919
519091,"Сыр Карлов двор Гауда полутвердый, ~1.5кг",https://online.metro-cc.ru/products/karlov-dvor-gauda-15kg-bzmzh,КАРЛОВ ДВОР,909,829
319688,"Сыр Предгорье Кавказа Адыгейский, ~1.2кг",https://online.metro-cc.ru/products/adygejskij-predgorye-800g-bzmzh,ПРЕДГОРЬЕ КАВКАЗА,909,899
621723,"METRO Chef Сыр Гауда 45%, ~1кг",https://online.metro-cc.ru/products/gauda-metro-chef-48-brusok-1-kg,METRO CHEF,909,769
40137,"Сыр Ламбер Классический 50%, ~1кг",https://online.metro-cc.ru/products/lamber-v-bochonke-1kg-bzmzh,ЛАМБЕР,889,849
621693,"METRO Chef Сыр Тильзитер 45%, ~2.5кг",https://online.metro-cc.ru/products/tilziter-45-metro-chef-vesovoj,METRO CHEF,878,799
116702,"METRO Chef Сыр для пиццы Моцарелла 45%, 1.2кг",https://online.metro-cc.ru/products/1200g-45-metro-chef-mocarella-d-pic-bzmzh,METRO CHEF,869,869
621731,"METRO Chef Сыр Гауда 48%, ~2.5кг",https://online.metro-cc.ru/products/gauda-48-metro-chef-vesovoj,METRO CHEF,867,789
214974,"Сыр Кабош пармезан 50%, ~1.7кг",https://online.metro-cc.ru/products/1kg-syr-parmezan-50-kabosh-bzmzh,КАБОШ,859,819
109864,"Сыр Карлов двор со вкусом козьего молока полутвердый 45%, ~1.6кг",https://online.metro-cc.ru/products/karlov-dvor-45-16kg,КАРЛОВ ДВОР,849,1249
653645,"METRO Chef Сыр Адыгейский 45%, ~1.1кг",https://online.metro-cc.ru/products/adygejskij-45-metro-chef-vesovoj,METRO CHEF,849,849
135333,"METRO Chef Сыр адыгейский 45%, ~650г",https://online.metro-cc.ru/products/065kg-syr-45-metro-chef-adygeyskiy-bzmzh,METRO CHEF,829,809
52296,"Творожный сыр Profi Cheese Сливочный 68%, 2кг",https://online.metro-cc.ru/products/art_52296,PROFI CHEESE,823,749
664570,"Сыр Ларец Три перца 50%, ~1кг",https://online.metro-cc.ru/products/50-tri-perca-larec-1kg-bzmzh,ЛАРЕЦ,799,1059
609333,"Сыр Ларец с паприкой и перцем чили полутвердый 50%, ~1кг",https://online.metro-cc.ru/products/larec-s-paprikoj-percem-chili-1kg-bzmzh,ЛАРЕЦ,799,1059
526322,"Сыр Galbani Маскарпоне, 500г",https://online.metro-cc.ru/products/galbani-maskarpone-500g-bzmzh,GALBANI,799,799
621730,"METRO Chef Сыр Эдам 40%, ~2.5кг",https://online.metro-cc.ru/products/edam-40-metro-chef-vesovoj,METRO CHEF,779,709
621702,"METRO Chef Сыр Эмменталер 45%, 500г",https://online.metro-cc.ru/products/metro-chef-emmentaler-45-narezka-500-g,METRO CHEF,779,779
621725,"METRO Chef Сыр Эдам 40%, ~1кг",https://online.metro-cc.ru/products/edam-metro-chef-40-brusok-1-kg,METRO CHEF,779,729
518578,"Сыр Bonfesto Моцарелла для пиццы 40%, 1кг",https://online.metro-cc.ru/products/mocarella-dlya-piccy-bonfesto-40-1kg-bzmzh,BONFESTO,779,709
593834,"Сыр Le Superbe Sbrinz твердый 47%, 195г",https://online.metro-cc.ru/products/lustenberger-sbrinc-195-g-bzmzh,LE SUPERBE,769,869
589184,"Сыр Le Superbe Le Gruyere полутвердый 50%, 195г",https://online.metro-cc.ru/products/lustenberger-le-gruyere-195-g-bzmzh,LE SUPERBE,759,859
589173,"Сыр НТЦ-XXI Моцарелла ностра 40%, ~1.4кг",https://online.metro-cc.ru/products/syr-mocarella-nostra-1-4kg,НТЦ-XXI,749,749
123051,"Сыр Hochland Professional Моцарелла для пиццы, 1кг",https://online.metro-cc.ru/products/1kg-mocarella-d-piccy-hochland-bzmzh,HOCHLAND,729,699
213083,"Сыр Oldenburger тильзитер 50%, ~3кг",https://online.metro-cc.ru/products/3kg-syr-tilziter-50-oldenburger-bzmzh,OLDENBURGER,729,729
225644,"METRO Chef Сыр Чечил Коса копченый 45%, 540г",https://online.metro-cc.ru/products/540g-syr-chechil-kosa-45-metro-chef-kopchenyy-bzmzh,METRO CHEF,719,619
644206,"METRO Chef Сыр с голубой плесенью, 400г",https://online.metro-cc.ru/products/s-goluboj-metro-chef-400-g,METRO CHEF,719,699
409582,"Сыр Ровеньки Голландский твердый, ~3.2кг",https://online.metro-cc.ru/products/rovenki-gollandskij-4kg-bzmzh,РОВЕНЬКИ,699,799
593833,"Сыр Le Superbe Raclette Gourmet твердый 48%, 200г",https://online.metro-cc.ru/products/lustenberger-raclette-narezka-200g-bzmzh,LE SUPERBE,699,789
216574,"Сыр Стародуб Гауда 45%, ~5.2кг",https://online.metro-cc.ru/products/52kg-syr-gauda-45-starodub-bzmzh,СТАРОДУБ,699,649
122602,"Сыр Alti Mozzarella Gourmet для пиццы 40%, ~2кг",https://online.metro-cc.ru/products/dlya-piccy-alti-mozzarella-gourmet-40-2-kg,ALTI,691,629
118311,"METRO Chef Сыр Маасдам 45%, 500г",https://online.metro-cc.ru/products/500g-45-metro-chef-maasdam-bzmzh,METRO CHEF,689,689
116245,"Тарелка сырная Cheese Gallery Gourmet, 205г",https://online.metro-cc.ru/products/gourmet-cheese-gallery-205g-bzmzh,CHEESE GALLERY,689,689
24264,"Сыр Le Superbe Le Gruyere полутвердый 50%, 150г",https://online.metro-cc.ru/products/art_24264,LE SUPERBE,689,799
599311,"Сыр Le Superbe Jura Montagne твердый 52%, 200г",https://online.metro-cc.ru/products/lustenberger-jura-montagne-200-g-bzmzh,LE SUPERBE,689,809
599312,"Сыр Le Superbe Fior delle Alpi Lustenber твердый 50%, 200г",https://online.metro-cc.ru/products/lesuperbe-for-delle-alpi-200-g,LE SUPERBE,689,899
599762,"Сыр Le Superbe Diabolo Gourmet твердый 50%, 200г",https://online.metro-cc.ru/products/le-superbe-diabolo-gourmet-50-200g,LE SUPERBE,679,789
216423,"Сыр Менестрель Аббатстсво полутвердый, 300г",https://online.metro-cc.ru/products/syr-menestrel-abbatstsvo-polutverdyy-300g,МЕНЕСТРЕЛЬ,679,649
611086,"METRO Chef Сыр Российский сливочный, 3кг",https://online.metro-cc.ru/products/metro-chef-rossijskij-slivochnyj-3-kg,METRO CHEF,669,609
216582,"Сыр Стародуб сулугуни 45%, ~650г",https://online.metro-cc.ru/products/syr-starodub-suluguni-45-650g,СТАРОДУБ,659,589
32417,"Сыр Say Cheese Сырная тарелка №7, 185г",https://online.metro-cc.ru/products/saycheese-tarelka-7-185g-bzmzh,SAY CHEESE,649,649
598773,"Продукт сырный Порховский МСЗ Моцарелла Для пиццы, ~2.6кг",https://online.metro-cc.ru/products/art_598773,ПОРХОВСКИЙ МСЗ,649,549
593393,"Сыр Le Superbe Emmentaler полутвердый 50%, 195г",https://online.metro-cc.ru/products/lustenberger-emmentaler-195-g-bzmzh,LE SUPERBE,629,729
225640,"METRO Chef Сыр Чечил-спагетти копченый 45%, 500г",https://online.metro-cc.ru/products/500g-syr-chechil-spagetti-45-metro-chef-kopchenyy-bzmzh,METRO CHEF,629,549
113889,"METRO Chef Сыр чеддер 50%, 500г",https://online.metro-cc.ru/products/500g-syr-50-metro-chef-chedder-bzmzh,METRO CHEF,619,569
621705,"METRO Chef Сыр Гауда 48%, 500г",https://online.metro-cc.ru/products/metro-chef-gauda-narezka-48-500-g,METRO CHEF,619,589
593831,"Сыр Le Superbe Emmentaler полутвердый 50%, 150г",https://online.metro-cc.ru/products/lustenberger-emmentaler-narezka-50-150-g-bzmzh,LE SUPERBE,619,529
621668,"METRO Chef Сыр Чеддар красный 50%, 500г",https://online.metro-cc.ru/products/metro-chef-cheddar-krasnyj-narezka-50-500g,METRO CHEF,619,609
221584,"METRO Chef Сыр твердый швейцарский 50%, 200г",https://online.metro-cc.ru/products/200g-syr-tverdyy-50-metro-chef-shveytsarskiy-bzmzh,METRO CHEF,609,599
116723,"Сыр творожный Заботливая Хозяйка сливочный 60%, 1кг",https://online.metro-cc.ru/products/1kg-syr-60-zabotlivaya-hozyajka-tvorozhnyj-bzmzh,ЗАБОТЛИВАЯ ХОЗЯЙКА,609,609
98478,"METRO Chef Сыр Чеддер плавленый 45%, 738г",https://online.metro-cc.ru/products/metro-chef-chedder-45-bzmzh-738-g,METRO CHEF,609,599
621669,"METRO Chef Сыр Чеддар 50%, 500г",https://online.metro-cc.ru/products/metro-chef-cheddar-50-500-g,METRO CHEF,609,599
101397,"Сыр Le Superbe Swisshard твердый 47%, 200г",https://online.metro-cc.ru/products/swisshard-le-superbe-200g-bzmzh,LE SUPERBE,589,779
608284,"Сыр Le Superbe Saint Christoph полутвердый 47%, 200г",https://online.metro-cc.ru/products/lustenberg-and-durst-le-superbe-christoph-200-g-bzmzh,LE SUPERBE,589,689
225643,"METRO Chef Сыр Чечил-спагетти 45%, 500г",https://online.metro-cc.ru/products/500g-syr-chechil-spagetti-45-metro-chef-bzmzh,METRO CHEF,559,479
235834,"Сыр российский Заботливая Хозяйка нарезка 50%, 500г",https://online.metro-cc.ru/products/syr-rossiyskiy-zabotlivaya-hozyayka-narezka-50-500g,ЗАБОТЛИВАЯ ХОЗЯЙКА,549,599
225155,"Сыр Bridel Le cremiot с белой плесенью 60%, 200г",https://online.metro-cc.ru/products/200g-syr-s-beloy-plesenyu-60-bridel-le-cremiot-bzmzh,BRIDEL,539,519
87425,"Сыр Киприно Швейцарский Premium слайсы, 350г",https://online.metro-cc.ru/products/shvejcarskij-kiprino-premium-slajsy-350g-bzmzh,КИПРИНО,539,499
119948,"METRO Chef Сыр Гауда 45%, 500г",https://online.metro-cc.ru/products/500g-48-gauda-metro-chef-kusok-bzmzh,METRO CHEF,529,439
621703,"METRO Chef Сыр Эдам 40%, 500г",https://online.metro-cc.ru/products/metro-chef-edam-narezka-40-500-g,METRO CHEF,529,529
218916,"Сыр Hochland грюнландер легкий 35%, 400г",https://online.metro-cc.ru/products/400g-syr-gryunlander-35-hochland-legkiy-bzmzh,HOCHLAND,519,519
103364,"Сыр Hochland Грюнландер полутвердый 50%, 400г",https://online.metro-cc.ru/products/hochland-gryunlander-50-400g,HOCHLAND,509,509
624016,"Сыр President Snack a la Francaise мягкий с белой плесенью 60%, 170г",https://online.metro-cc.ru/products/art_624016,PRESIDENT,509,509
216421,"Сыр Менестрель эпос полутвердый, 250г",https://online.metro-cc.ru/products/syr-menestrel-epos-polutverdyy-250g,МЕНЕСТРЕЛЬ,509,479
111785,"METRO Chef Сыр Сливочный 50%, 500г",https://online.metro-cc.ru/products/metro-chef-500g,METRO CHEF,499,479
88548,"Сыр Сваля полутвердый 45%, 400г",https://online.metro-cc.ru/products/fasovannyj-svalya-400g-bzmzh,СВАЛЯ,499,499
118308,"METRO Chef Сыр Тильзитер 45%, 500г",https://online.metro-cc.ru/products/500g-45-metro-chef-tilziter-bzmzh,METRO CHEF,499,469
215072,"aro Продукт молокосодержащий Гауда 45%, ~2.6кг",https://online.metro-cc.ru/products/26-kg-molokosoderzhaschiy-produkt-gauda-45-aro,ARO,499,459
94127,"METRO Chef Сыр Гойя твердый 40%, 300г",https://online.metro-cc.ru/products/art_94127,METRO CHEF,499,449
589185,"Сыр Le Superbe Cheddar твердый 50%, 200г",https://online.metro-cc.ru/products/le-superbe-chedder-200-g,LE SUPERBE,489,589
122601,"Сырный продукт Alti Extra 50% для пиццы, ~2кг",https://online.metro-cc.ru/products/belkovo-zhirovoj-produkt-altimilk-extra-50-dlya-piccy-2-kg,ALTI,482,439
203292,"Сыр Laplandia сливочный кусок 45%, 300г",https://online.metro-cc.ru/products/300g-syr-45-laplandia-slivochnyy-kusok-bzmzh,LAPLANDIA,469,449
627943,"METRO Chef Сыр Маскарпоне 80%, 500г",https://online.metro-cc.ru/products/metro-chef-maskarpone-500-g,METRO CHEF,459,459
659073,"Сыр Laime Пармезан твердый 9 месяцев созревания 40%, 125г",https://online.metro-cc.ru/products/hard-cheese-collection-parmezan-9-mesyacev-kolotyj-40-125g-bzmzh,LAIME,459,459
228040,"Сырный продукт Senior Pizzaiolo для пиццы 45%, ~2кг",https://online.metro-cc.ru/products/2kg-produkt-belkovo-zhirovoy-45-senior-pizzaiolo-dlya-pitstsy,SENIOR PIZZAIOLO,449,379
31763,"METRO Chef Сыр Сиртос мягкий 45%, 500г",https://online.metro-cc.ru/products/metro-chef-sirtos-myagkij-45-500-g,METRO CHEF,449,379
107137,"METRO Chef Сыр брынза 45%, 500г",https://online.metro-cc.ru/products/metro-chef-45-500g,METRO CHEF,449,379
639498,"Сыр Le Superbe Grand Maurice твердый 45%, 150г",https://online.metro-cc.ru/products/le-superbe-grand-maurice-150g-bzmzh,LE SUPERBE,449,569
564848,"Сыр Unagrande Professionale Кремчиз сливочный 70%, 500г",https://online.metro-cc.ru/products/kremchiz-unagrande-professionale-70-500-g,UNAGRANDE,449,579
125719,"Сыр Unagrande Моцарелла для пиццы 45%, 460г",https://online.metro-cc.ru/products/460g-mocarella-unagrande-d-piccy-bzmzh,UNAGRANDE,439,589
119947,"METRO Chef Сыр Эдам 40%, 500г",https://online.metro-cc.ru/products/500g-40-edam-metro-chef-kusok-bzmzh,METRO CHEF,429,399
593263,"Сыр President Бри мягкий с белой плесенью 60%, 200г",https://online.metro-cc.ru/products/bri-president-myagkij-s-beloj-60-200-g-bzmzh,PRESIDENT,429,579
233874,"Сырный продукт Terra del Gusto Chef кубики для пиццы 50%, 1кг",https://online.metro-cc.ru/products/produkt-syrosoderzhaschiy-terra-del-gusto-chef-kubiki-dlya-pitstsy-50-1kg,TERRA DEL GUSTO,429,429
125895,"Сыр Le Superbe Swiss Alpine cow полутвердый 48%, 150г",https://online.metro-cc.ru/products/lesuperb-alpijskaya-korova-48-150g,LE SUPERBE,429,499
232454,"Продукт сыросодержащий Terra del Gusto гауда 40%, ~2.5кг",https://online.metro-cc.ru/products/25kg-produkt-syrosoderzh-40-terra-del-gusto-gauda,TERRA DEL GUSTO,419,419
118313,"METRO Chef Сыр Российский 50%, 500г",https://online.metro-cc.ru/products/500g-50-rossijskij-metro-chef-bzmzh,METRO CHEF,419,399
112949,"Сыр Cheese Gallery Parmegrino Гойя твердый 40%, 180г",https://online.metro-cc.ru/products/syr-tverdyj-cheese-gallery-parmegrino-gojya-40-180g,CHEESE GALLERY,419,419
232452,"Продукт сыросодержащий Terra del Gusto Chef российский 40%, ~2.5кг",https://online.metro-cc.ru/products/25kg-produkt-syr-40-terra-del-gusto-chef-rossiyskiy,TERRA DEL GUSTO,419,419
204110,"Сыр Viola голландский кусок 45%, 350г",https://online.metro-cc.ru/products/350g-syr-45-viola-gollandskiy-kusok-bzmzh,VIOLA,409,389
119940,"METRO Chef Сыр Пармезан сухой 32%, 100г",https://online.metro-cc.ru/products/metro-chef-parmezan-suhoj-32-100g-bzmzh,METRO CHEF,399,379
210272,"Буррата Galbani со вкусом песто 50%, 200г",https://online.metro-cc.ru/products/200g-syr-burrata-50-galbani-so-vkusom-pesto-bzmzh,GALBANI,389,459
211633,"Сыр Кабош Perla Di Latte Intensiva 50%, 180г",https://online.metro-cc.ru/products/180g-syr-50-kabosh-perla-di-latte-intensiva-bzmzh,КАБОШ,389,389
206437,"Сыр Laime Пармезан Platinum твердый 40% 15 месяцев, 180г",https://online.metro-cc.ru/products/180g-syr-parmezan-40-laime-platinum-vyd-ot-15m-bzmzh,LAIME,379,419
536705,"Сыр Le Superbe Switzerland Swiss твердый 49%, 180г",https://online.metro-cc.ru/products/lesuperbe-shvejcarskij-49-180-g,LE SUPERBE,379,439
436267,"Сыр Galbani Буррата мягкий 50%, 200г",https://online.metro-cc.ru/products/mocarella-galbani-burrata-200g-bzmzh,GALBANI,379,449
203768,"Сыр Viola российский нарезка 50%, 270г",https://online.metro-cc.ru/products/270g-syr-50-viola-rossiyskiy-narezka-bzmzh,VIOLA,369,349
116704,"METRO Chef Сыр для пиццы Моцарелла 45%, 370г",https://online.metro-cc.ru/products/dlya-piccy-mocarella-metro-chef-45-370g-bzmzh,METRO CHEF,369,359
54359,"Сыр Picсante Galbani с голубой плесенью 62%, 125г",https://online.metro-cc.ru/products/s-goluboj-picsante-galbani-125g-bzmzh,GALBANI,369,359
124474,"Сыр Dolce Deluxe Пармезан твердый 34%, 200г",https://online.metro-cc.ru/products/200g-34-parmezan-dolce-deluxe-9m-bzmzh,DOLCE,369,359
206435,"Сыр Laime Пармезан Gold твердый 40% 12 месяцев, 180г",https://online.metro-cc.ru/products/180g-syr-parmezan-40-laime-gold-vyderzh-ot-12-m-bzmzh,LAIME,369,389
228616,"Сыр Schonfeld Швейцарский Чиз полутвердый кусок 53%, 150г",https://online.metro-cc.ru/products/150g-syr-53-schonfeld-swiss-cheese-bzmzh,SCHONFELD,359,429
61548,"Сыр President Бри, 125г",https://online.metro-cc.ru/products/art_61548,PRESIDENT,359,329
110259,"Сыр Unagrande Моцарелла безлактозный мягкий 45%, 280г",https://online.metro-cc.ru/products/mocarella-bezlaktoznyj-unagrande-45-280g-bzmzh,UNAGRANDE,359,359
225487,"Сыр Natura selection White&Blue с голубой плесенью 60%, 125г",https://online.metro-cc.ru/products/125g-syr-whiteblue-60-natura-selection-s-plesenyu-bzmzh,NATURA SELECTION,359,389
87417,"Сыр Киприно Алтайский Premium, 230г",https://online.metro-cc.ru/products/altajskij-kiprino-premium-230g-bzmzh,КИПРИНО,359,329
205851,"Сыр Burenka Club Creme Blue 60%, 125г",https://online.metro-cc.ru/products/125g-syr-60-burenkaclub-creme-blue-bzmzh,BURENKA CLUB,349,349
526311,"Сыр Galbani Маскарпоне Дукат мягкий 80%, 250г",https://online.metro-cc.ru/products/maskarpone-galbani-dukat-250-g-bzmzh,GALBANI,349,439
574154,"Сыр Laime Пармезан твердый 6 месяцев созревания 40%, 175г",https://online.metro-cc.ru/products/laime-parmezan-40-175-g-bzmzh,LAIME,349,459
586635,"Сыр Dorblu Classic с голубой плесенью 50%, 100г",https://online.metro-cc.ru/products/dorblu-classic-50-s-goluboj-100-g-bzmzh,DORBLU,349,319
218396,"Моцарелла Pretto для пиццы-лазаньи-запекания 45%, 370г",https://online.metro-cc.ru/products/370g-motsarella-45-pretto-dpitstsylazanizapekaniya-bzmzh,PRETTO,349,349
63736,"Сыр Киприно Parmesan твердый, 200г",https://online.metro-cc.ru/products/kiprino-parmesan-bez-molochnyh-zamenitelej-zhirov-200-g,КИПРИНО,339,329
129703,"Сыр Whitecheese from Zhukovka Камамбер с черным трюфелем 50%, 125г",https://online.metro-cc.ru/products/kamamber-50-zhukovka-s-chernym-tryufelem-125g-bzmzh,WHITECHEESE FROM ZHUKOVKA,339,339
658962,"Сыр President Камамбер 50%, 125г",https://online.metro-cc.ru/products/president-kamamber-zhest-50-125g-bzmzh,PRESIDENT,339,319
213127,"Сыр Кабош Kilt нарезка 45%, 180г",https://online.metro-cc.ru/products/180g-syr-kilt-45-kabosh-kusok-bzmzh,КАБОШ,329,299
211646,"Сыр Кабош Levenkaas 45%, 180г",https://online.metro-cc.ru/products/180g-syr-45-kabosh-levenkaas-bzmzh,КАБОШ,329,319
632053,"Сыр Cheese Gallery Пармезан твердый 32%, 175г",https://online.metro-cc.ru/products/cheese-gallery-selected-collection-parmezan-175g-bzmzh,CHEESE GALLERY,329,339
133703,"Сыр Эконива твердый Durr 6 месяцев выдержки 50%, 200г",https://online.metro-cc.ru/products/syr-ekoniva-tverdyy-durr-6-mesyatsev-vyderzhki-50-200g-bzmzh,ЭКОНИВА,319,369
557517,"Сыр Hochland Фетакса в рассоле мягкий 45%, 480г",https://online.metro-cc.ru/products/hochland-klassicheskij-480g-bzmzh,HOCHLAND,319,339
118143,"Сыр Умалат Кавказский мягкий 45%, 370г",https://online.metro-cc.ru/products/370g-45-kavkazskij-umalat-bzmzh,УМАЛАТ,309,349
208695,"Сыр Unagrande маскарпоне без лактозы 80%, 250г",https://online.metro-cc.ru/products/250g-syr-maskarpone-80-unagrande-bez-laktozy-bzmzh,UNAGRANDE,299,399
236024,"Сыр плавленый President копченые колбаски 45%, 400г",https://online.metro-cc.ru/products/syr-plavlenyy-president-kopchenye-kolbaski-45-400g,PRESIDENT,299,299
134942,"Сыр плавленый Hochland Фетакса 45%, 400г",https://online.metro-cc.ru/products/plavlennyj-hochland-fetaksa-45-400g-bzmzh,HOCHLAND,299,299
214938,"Сыр Natura cливочный легкий полутвердый 16%, 400г",https://online.metro-cc.ru/products/400g-syr-legkiy-30-natura-bzmzh,NATURA,299,469
214939,"Сыр Natura cливочный полутвердый 45%, 400г",https://online.metro-cc.ru/products/400g-syr-slivochnyy-45-natura-bzmzh,NATURA,299,419
118482,"Сыр рассольный Луговая свежесть Сулугуни 45%, 200г",https://online.metro-cc.ru/products/200g-45-suluguni-lugovaya-svezhest-bzmzh,ЛУГОВАЯ СВЕЖЕСТЬ,295,273
227461,"Сыр Schonfeld Маасдам полутвердый кусок 45%, 200г",https://online.metro-cc.ru/products/syr-schonfeld-maasdam-45-200g,SCHONFELD,293,279
81436,"Сыр творожный Виолетта сливочный 70%, 400г",https://online.metro-cc.ru/products/violetta-bez-zamenitelya-molochnyh-zhirov-400-g,ВИОЛЕТТА,292,309
227461,"Сыр Schonfeld Маасдам полутвердый кусок 45%, 200г",https://online.metro-cc.ru/products/syr-schonfeld-maasdam-45-200g,SCHONFELD,293,279
81436,"Сыр творожный Виолетта сливочный 70%, 400г",https://online.metro-cc.ru/products/violetta-bez-zamenitelya-molochnyh-zhirov-400-g,ВИОЛЕТТА,292,309
32228,"Сыр Долголетие Кавказский 45%, 300г",https://online.metro-cc.ru/products/dolgoletie-45-300g,ДОЛГОЛЕТИЕ,292,286
79851,"Сыр Hochland Professional мягкий в рассоле 45%, 480г",https://online.metro-cc.ru/products/art_79851,HOCHLAND,289,309
109119,"Сыр Тысяча озёр Лапландский полутвердый кусок 45%, 380г",https://online.metro-cc.ru/products/laplandskij-tysyacha-ozer-kusok-380g,ТЫСЯЧА ОЗЁР,289,389
44418,"Сыр Предгорье Кавказа Адыгейский легкий 30%, 300г",https://online.metro-cc.ru/products/predgorye-adygejskij-legkij-300-g,ПРЕДГОРЬЕ КАВКАЗА,289,275
226200,"Сыр Киприно Маасдам полутвердый 45%, 200г",https://online.metro-cc.ru/products/200g-syr-maasdam-45-kiprino-kusok-bzmzh,КИПРИНО,289,259
116701,"METRO Chef Сыр Рикотта 45%, 500г",https://online.metro-cc.ru/products/500g-syr-45-metro-chef-rikotta-bzmzh,METRO CHEF,284,269
211829,"Сыр Bonfesto творожный 70%, 400г",https://online.metro-cc.ru/products/400g-syr-tvorozhnyy-70-bonfesto-bzmzh,BONFESTO,284,267
222933,"Сыр Ларец вкус топленого молока золотой 50%, 245г",https://online.metro-cc.ru/products/245g-syr-50-larets-zolotoy-vkus-toplyonogo-molok-bzmzh,ЛАРЕЦ,279,319
122606,"Сыр Cheese Gallery Эмменталер кусок 45%, 180г",https://online.metro-cc.ru/products/180g-45-sneese-gallery-emment-kus-bzmzh,CHEESE GALLERY,279,279
483601,"Сыр Galbani Буррата mini мягкий 50%, 125г",https://online.metro-cc.ru/products/burrata-galbani-mini-125g-bzmzh,GALBANI,279,339
134940,"Сыр плавленый Hochland сливочный 55%, 400г",https://online.metro-cc.ru/products/plavlennyj-hochland-slivochnyj-55-400g-bzmzh,HOCHLAND,279,289
390227,"Сыр Ламбер полутвердый 50%, 230г",https://online.metro-cc.ru/products/lamber-50230g-bzmzh,ЛАМБЕР,276,269
222931,"Сыр Ларец с грецкими орехами кусок 50%, 245г",https://online.metro-cc.ru/products/245g-syr-50-larets-s-gretskimi-orehami-kusok-bzmzh,ЛАРЕЦ,269,329
584285,"Сыр Bonfesto Рикотта 40%, 500г",https://online.metro-cc.ru/products/rikotta-bonfesto-40-500g-bzmzh,BONFESTO,269,269
231174,"METRO Chef Сыр алтайский 50%, 200г",https://online.metro-cc.ru/products/metro-chef-syr-altayskiy-50-200g,METRO CHEF,269,269
204097,"Сыр Laplandia сливочный нарезка 45%, 250г",https://online.metro-cc.ru/products/250g-syr-45-laplandia-slivochnyy-narezka-bzmzh,LAPLANDIA,269,409
511294,"Сыр Bonfesto Моцарелла для пиццы 40%, 250г",https://online.metro-cc.ru/products/mocarella-bonfesto-dlya-piccy-45-250g-bzmzh,BONFESTO,267,267
205852,"Сыр Burenka Club Ильфранс 50%, 120г",https://online.metro-cc.ru/products/120g-syr-50-burenkaclub-ilfrans-bzmzh,BURENKA CLUB,266,259
129716,"Сыр Whitecheese from Zhukovka Камамбер 50%, 125г",https://online.metro-cc.ru/products/125g-kamamber-50-zhukovka-bzmzh,WHITECHEESE FROM ZHUKOVKA,266,249
63743,"Сыр Schonfeld Блю с голубой плесенью 54%, 100г",https://online.metro-cc.ru/products/schonfeld-s-goluboj-blue-100-g,SCHONFELD,265,269
205852,"Сыр Burenka Club Ильфранс 50%, 120г",https://online.metro-cc.ru/products/120g-syr-50-burenkaclub-ilfrans-bzmzh,BURENKA CLUB,266,259
129716,"Сыр Whitecheese from Zhukovka Камамбер 50%, 125г",https://online.metro-cc.ru/products/125g-kamamber-50-zhukovka-bzmzh,WHITECHEESE FROM ZHUKOVKA,266,249
63743,"Сыр Schonfeld Блю с голубой плесенью 54%, 100г",https://online.metro-cc.ru/products/schonfeld-s-goluboj-blue-100-g,SCHONFELD,265,269
632087,"Сыр Cheese Gallery Пармезан тертый хлопья 32%, 100г",https://online.metro-cc.ru/products/cheese-gallery-parmesan-flakes-100g,CHEESE GALLERY,262,259
447547,"Сыр Умалат Сулугуни 45%, 280г",https://online.metro-cc.ru/products/suluguni-umalat-45-280-g,УМАЛАТ,262,279
101073,"Сыр Unagrande Ricotta из свежего молока мягкий 50%, 500г",https://online.metro-cc.ru/products/syr-myagkij-unagrande-ricotta-iz-svezhego-moloka-50-500g,UNAGRANDE,259,409
223257,"Сыр President Greco рассольный 45%, 250г",https://online.metro-cc.ru/products/250g-syr-rassolnyy-45-president-greco-bzmzh,PRESIDENT,257,249
510982,"Сыр Dolce Пармезан твердый тертый, 150г",https://online.metro-cc.ru/products/parmezan-tertyj-dolce-150g-bzmzh,DOLCE,257,269
213130,"Сыр Кабош легкий кусок 30%, 180г",https://online.metro-cc.ru/products/180g-syr-legkiy-30-kabosh-kusok-bzmzh,КАБОШ,256,249
105441,"Сыр Cheese Gallery Гауда кусок 45%, 200г",https://online.metro-cc.ru/products/cheese-gallery-gauda-kusok-200g,CHEESE GALLERY,254,243
203772,"Сыр Viola чеддер нарезка 50%, 120г",https://online.metro-cc.ru/products/120g-syr-50-viola-chedder-narezka-bzmzh,VIOLA,252,229
89378,"Сыр Сваля легкий фасованный, 200г",https://online.metro-cc.ru/products/svalya-legkij-fasovannyj-200g-bzmzh,СВАЛЯ,249,249
119889,"METRO Chef Сыр Маасдам 45%, 150г",https://online.metro-cc.ru/products/150g-45-maasdam-metro-chef-narezka-bzmzh,METRO CHEF,249,209
235835,"Сыр тильзитер Labas Rytas 50%, 220г",https://online.metro-cc.ru/products/syr-tilziter-labas-rytas-50-220g,LABAS RYTAS,249,269
359435,"Сыр President Брынза 45%, 250г",https://online.metro-cc.ru/products/president-48-250g-bzmzh,PRESIDENT,249,249
235835,"Сыр тильзитер Labas Rytas 50%, 220г",https://online.metro-cc.ru/products/syr-tilziter-labas-rytas-50-220g,LABAS RYTAS,249,269
359435,"Сыр President Брынза 45%, 250г",https://online.metro-cc.ru/products/president-48-250g-bzmzh,PRESIDENT,249,249
276138,"Сыр Galbani Моцарелла Maxi рассольный 45%, 250г",https://online.metro-cc.ru/products/mocarella-galbani-maxi-250-g-bzmzh,GALBANI,249,339
119941,"METRO Chef Сыр Пармезан тертый 33%, 150г",https://online.metro-cc.ru/products/metro-chef-parmezan-tertyj-33-150-g-bzmzh,METRO CHEF,249,249
226209,"Сыр Киприно Гауда полутвердый 45%, 200г",https://online.metro-cc.ru/products/200g-syr-gauda-45-kiprino-kusok-bzmzh,КИПРИНО,246,219
226167,"Сыр плавленый President Маасдам 45%, 400г",https://online.metro-cc.ru/products/400g-plavlenyy-syr-45-president-maasdam-bzmzh,PRESIDENT,245,244
553286,"Продукт сырный Порховский МСЗ копченый 40%, ~1.3кг",https://online.metro-cc.ru/products/produkt-40-porhovskij-msz-kopchenyj-13kg,ПОРХОВСКИЙ МСЗ,242,229
547741,"Сыр Milkana GrandBlu Creamy с голубой плесенью, 100г",https://online.metro-cc.ru/products/milkana-grand-blu-creamy-100-g-bzmzh,GRANDBLU,239,259
118454,"Сыр Unagrande Кремчиз мягкий 70%, 200г",https://online.metro-cc.ru/products/200g-70-kremchiz-unagrande-bzmzh,UNAGRANDE,239,235
235841,"Сыр гауда Labas Rytas 45%, 220г",https://online.metro-cc.ru/products/syr-gauda-labas-rytas-45-220g,LABAS RYTAS,239,269
226207,"Сыр Киприно Гран-При твердый 50%, 150г",https://online.metro-cc.ru/products/150g-syr-gran-pri-50-kiprino-kusok-bzmzh,КИПРИНО,239,219
204111,"Сыр Viola Маасдам кусок 45%, 220г",https://online.metro-cc.ru/products/220g-syr-45-viola-maasdam-kusok-bzmzh,VIOLA,239,319
279224,"Сыр Galbani Боккончини Моцарелла мини 45%, 150г",https://online.metro-cc.ru/products/galbani-mocarella-mini-150g-bzmzh,GALBANI,239,229
666858,"Сыр Bridel Blue Cheese с голубой плесенью 51%, 100г",https://online.metro-cc.ru/products/bridel-blue-cheese-s-goluboj-51-100g,BRIDEL,239,299
95362,"Сырный продукт Green Idea Vegmozzarella Моцарелла тертый 24%, 200г",https://online.metro-cc.ru/products/rastitelnyj-mocarella-green-idea-24-200-g,GREEN IDEA,237,224
213128,"Сыр Кабош Kilt нарезка 45%, 125г",https://online.metro-cc.ru/products/125g-syr-kilt-45-kabosh-narezka-bzmzh,КАБОШ,237,237
32199,"Сыр Долголетие Чечил спагетти ассорти №1 45%, 150г",https://online.metro-cc.ru/products/chechil-spagetti-assorti-1-dolgoletie-45-150g,ДОЛГОЛЕТИЕ,233,207
217805,"Сыр Laime премиум 50%, 200г",https://online.metro-cc.ru/products/200g-syr-premium-50-laime-bzmzh,LAIME,233,229
516326,"Сыр Сиртаки Classic рассольный для греческого салата, 330г",https://online.metro-cc.ru/products/sirtaki-classic-dlya-grecheskogo-salata-330-g-bzmzh,СИРТАКИ,232,229
110756,"METRO Chef Сыр Камамбер 50%, 125г",https://online.metro-cc.ru/products/metro-chef-kamamber-50-125g,METRO CHEF,232,209
211344,"Сыр Columbus Маасдам копченый нарезка 45%, 125г",https://online.metro-cc.ru/products/125g-syr-maasdam-45-columbus-kopchenyy-narezka-bzmzh,COLUMBUS,232,199
655337,"Соус Ferore Инжир фруктово-пряный для сыра, 60г",https://online.metro-cc.ru/products/furore-inzhir-fruktovo-pryanyj-dlya-syra-60g,FERORE,229,254
211644,"Сыр Кабош Neerlander Gentle нарезка 50%, 125г",https://online.metro-cc.ru/products/125g-syr-50-kabosh-neerlander-gentle-nar-bzmzh,КАБОШ,229,229
105796,"Сыр Белебеевский Медовый 45%, 190г",https://online.metro-cc.ru/products/bmk-medovyj-45-190g,БЕЛЕБЕЕВСКИЙ,227,227
136300,"Сыр Аланталь полутвердый сливочный брусок 45%, 200г",https://online.metro-cc.ru/products/syr-atlantal-polutverdyy-slivochnyy-brusok-45-200g,АЛАНТАЛЬ,224,209
105798,"Сыр Белебеевский МК 45%, 190г",https://online.metro-cc.ru/products/belebeevskij-45-190g,БЕЛЕБЕЕВСКИЙ,224,226
533062,"Сыр Cheese Gallery Чеддер красный 50%, 150г",https://online.metro-cc.ru/products/cheese-gallery-chedder-krasnyj-narezka-45-150g-bzmzh,CHEESE GALLERY,222,216
223266,"METRO Chef Сыр маасдам 45%, 200г",https://online.metro-cc.ru/products/200g-syr-maasdam-45-metro-chef-bzmzh,METRO CHEF,219,219
632086,"Сыр Cheese Gallery Пармезан тертый гранулы 38%, 100г",https://online.metro-cc.ru/products/cheese-gallery-parmezan-38-tertyj-granuly-100g-bzmzh,CHEESE GALLERY,219,219
136299,"Сыр Аланталь полутвердый традиционный брусок 50%, 200г",https://online.metro-cc.ru/products/syr-atlantal-polutverdyy-traditsionnyy-brusok-50-200g,АЛАНТАЛЬ,219,209
112948,"Сыр Cheese Gallery Чеддер полутвердый 50%, 200г",https://online.metro-cc.ru/products/syr-polutverdyj-cheese-gallery-cheddar-200g,CHEESE GALLERY,219,266
112947,"Сыр полутвердый Cheese Gallery Чеддер красный 50%, 200г",https://online.metro-cc.ru/products/syr-polutverdyj-cheese-gallery-cheddar-krasnyj-50-200g,CHEESE GALLERY,219,279
223265,"METRO Chef Сыр чеддер красный 50%, 200г",https://online.metro-cc.ru/products/200g-syr-cheddar-krasnyy-50-metro-chef-bzmzh,METRO CHEF,219,209
610975,"Сыр Предгорье Кавказа Чечил коса копченый, 180г",https://online.metro-cc.ru/products/chechil-predgorye-kavkaza-kosa-kopchenyj-180g-bzmzh,ПРЕДГОРЬЕ КАВКАЗА,219,284
533064,"Сыр Cheese Gallery Чеддер белый 50%, 150г",https://online.metro-cc.ru/products/syr-cheese-gallery-chedder-beliy-50-150g,CHEESE GALLERY,219,219
226180,"Сыр Тысяча озёр Утренний полутвердый 45%, 200г",https://online.metro-cc.ru/products/200g-syr-utrenniy-45-tysyacha-ozyor-kusok-bzmzh,ТЫСЯЧА ОЗЁР,219,219
93977,"Сыр Cheese Gallery Маасдам полутвердый кусок 45%, 180г",https://online.metro-cc.ru/products/cheese-gallery-maasdam-45-kusok-180-g-bzmzh,CHEESE GALLERY,209,329
212494,"Сыр Laime Маасдам кусок 45%, 200г",https://online.metro-cc.ru/products/200g-syr-maasdam-45-laime-kusok-bzmzh,LAIME,209,289
204109,"Сыр Viola голландский кусок 45%, 220г",https://online.metro-cc.ru/products/220g-syr-45-viola-gollandsky-kusok-bzmzh,VIOLA,209,284
204109,"Сыр Viola голландский кусок 45%, 220г",https://online.metro-cc.ru/products/220g-syr-45-viola-gollandsky-kusok-bzmzh,VIOLA,209,284
204106,"Сыр Viola российский кусок 50%, 220г",https://online.metro-cc.ru/products/220g-syr-50-viola-rossiyskiy-kusok-bzmzh,VIOLA,209,284
643528,"Сыр Брест-Литовск Легкий полутвердый 35%, 200г",https://online.metro-cc.ru/products/legkij-brest-litovsk-35-200g,БРЕСТ-ЛИТОВСК,199,189
221863,"METRO Chef Сыр российский кусок 50%, 200г",https://online.metro-cc.ru/products/200g-syr-rossiyskiy-50-metro-chef-kusok-bzmzh,METRO CHEF,199,199
208688,"Сыр Умалат брынза классический 45%, 200г",https://online.metro-cc.ru/products/200g-syr-brynza-45-umalat-klassicheskaya-bzmzh,УМАЛАТ,199,199
227595,"Сыр Laplandia Emmental 45%, 180г",https://online.metro-cc.ru/products/180g-syr-emmental-45-laplandia-kusok-bzmzh,LAPLANDIA,199,299
227594,"Сыр Laplandia Эдам 45%, 180г",https://online.metro-cc.ru/products/180g-syr-edam-45-laplandia-kusok-bzmzh,LAPLANDIA,199,299
643530,"Сыр Брест-Литовск 45%, 200г",https://online.metro-cc.ru/products/brest-litovsk-45-200g-bzmzh,БРЕСТ-ЛИТОВСК,199,189
226199,"Сыр Киприно Вкусный завтрак полутвердый 50%, 180г",https://online.metro-cc.ru/products/180g-syr-50-kiprino-vkusnyy-zavtrak-kusok-bzmzh,КИПРИНО,199,189
119942,"METRO Chef Сыр Гауда 48%, 150г",https://online.metro-cc.ru/products/150g-48-gauda-metro-chef-narezka-bzmzh,METRO CHEF,199,169
226173,"Сыр Сиртаки Для Греческого Салата Сливочный рассольный 50%, 200г",https://online.metro-cc.ru/products/200g-syr-rassolnyy-50-sirtaki-slivochnyy-bzmzh,СИРТАКИ,199,195
204096,"Сыр Viola бутербродный нарезка 45%, 200г",https://online.metro-cc.ru/products/200g-syr-45-viola-buterbrodnyy-narezka-bzmzh,VIOLA,199,264
643527,"Сыр Брест-Литовск Сливочный 50%, 200г",https://online.metro-cc.ru/products/brest-litovsk-slivochnyj-50-200g,БРЕСТ-ЛИТОВСК,199,189
76003,"Сыр Брест-Литовск Финский 45%, 200г",https://online.metro-cc.ru/products/art_76003,БРЕСТ-ЛИТОВСК,195,169
76002,"Сыр Брест-Литовск Российский 50%, 200г",https://online.metro-cc.ru/products/art_76002,БРЕСТ-ЛИТОВСК,195,169
104743,"Сыр Бонджорно Рикотта с шоколадом мягкий 30%, 200г",https://online.metro-cc.ru/products/syr-myagkij-bondzhorno-rikotta-s-shokoladom-30-200-g,БОНДЖОРНО,194,189
214940,"Сыр Natura брынза 45%, 240г",https://online.metro-cc.ru/products/240g-syr-brynza-45-natura-bzmzh,NATURA,189,244
511282,"Сыр Брест-Литовск Классический полутвердый нарезка 45%, 150г",https://online.metro-cc.ru/products/brest-litovskoe-klassicheskij-45-narezka-150g-bzmzh,БРЕСТ-ЛИТОВСК,189,179
221861,"METRO Chef Сыр тильзитер нарезка 45%, 150г",https://online.metro-cc.ru/products/150g-syr-tilziter-45-metro-chef-narezka-bzmzh,METRO CHEF,189,179
125025,"Сыр Брест-Литовск Маасдам полутвердый брусок 45%, 200г",https://online.metro-cc.ru/products/200g-45-maasdam-brest-litovsk-bzmzh,БРЕСТ-ЛИТОВСК,189,249
225494,"Сыр Natura selection Matured Havarti выдержанный 45%, 150г",https://online.metro-cc.ru/products/150g-syr-havarti-45-natura-selection-vyderzh-nar-bzmzh,NATURA SELECTION,189,289
217687,"Сыр Боровский сыр косичка копченый 43%, 100г",https://online.metro-cc.ru/products/100g-syr-kosichka-43-borovskiy-kopchenyy-45-bzmzh,БОРОВСКИЙ СЫР,189,159
117478,"Сыр Galbani Буррата мягкий 50%, 100г",https://online.metro-cc.ru/products/burrata-galbani-50-100g-bzmzh,GALBANI,189,219
557516,"Сыр Hochland Фетакса в рассоле мягкий 45%, 250г",https://online.metro-cc.ru/products/hochland-nezhnaya-klassicheskaya-200g-bzmzh,HOCHLAND,189,199
511281,"Сыр Брест-Литовск Легкий полутвердый нарезка 35%, 150г",https://online.metro-cc.ru/products/brest-litovskoe-legkij-35-narezka-150g-bzmzh,БРЕСТ-ЛИТОВСК,189,179
135191,"Сыр плавленый Viola лисички 50%, 200г",https://online.metro-cc.ru/products/plavlennyj-viola-lisichki-50-200g-bzmzh,VIOLA,186,179
19688,"Сыр Galbani Моцарелла 45%, 125г",https://online.metro-cc.ru/products/mocarella-galbani-125g-bzmzh,GALBANI,186,169
666472,"Сыр плавленый Viola 4 сыра 50%, 200г",https://online.metro-cc.ru/products/viola-4-50-200g-bzmzh,VIOLA,186,179
90854,"Сыр Кабош Маасдам полутвердый 45%, 125г",https://online.metro-cc.ru/products/maasdam-kabosh-45-125g-bzmzh,КАБОШ,184,174
140700,"Сыр Рикотта Unagrande 50%, 200г",https://online.metro-cc.ru/products/200g-syr-50-rikotta-unagrande-bzmzh,UNAGRANDE,183,183
217688,"Сыр Боровский сыр чечил 45%, 130г",https://online.metro-cc.ru/products/130g-syr-chechil-45-borovskiy-bzmzh,БОРОВСКИЙ СЫР,182,163
228422,"Сыр Поставы городок Гранд пармезан 45%, 200г",https://online.metro-cc.ru/products/200g-syr-parmezan-45-postavy-gorodok-grand-bzmzh,ПОСТАВЫ ГОРОДОК,179,179
228622,"Сыр Сваля тильзитер 45%, 180г",https://online.metro-cc.ru/products/180g-syr-tilziter-45-svalya-bzmzh,СВАЛЯ,179,245
203763,"Сыр Viola голландский нарезка 45%, 120г",https://online.metro-cc.ru/products/120g-syr-45-viola-gollandskiy-narezka-bzmzh,VIOLA,179,175
221864,"METRO Chef Сыр российский нарезка 50%, 150г",https://online.metro-cc.ru/products/150g-syr-rossiyskiy-50-metro-chef-narezka-bzmzh,METRO CHEF,179,169
111786,"METRO Chef Сыр Маскарпоне 80%, 250г",https://online.metro-cc.ru/products/metro-chef-maskorpone-80-250g,METRO CHEF,179,262
217686,"Сыр Боровский сыр косичка 45%, 100г",https://online.metro-cc.ru/products/100g-syr-kosichka-45-borovskiy-bzmzh,БОРОВСКИЙ СЫР,179,153
509144,"Сыр Vitalat Scamorza 40%, 130г",https://online.metro-cc.ru/products/vitalat-skamorca-40-130g-bzmzh,VITALAT,177,169
215076,"aro Продукт молокосодержащий сливочный 40%, 500г",https://online.metro-cc.ru/products/05-kg-molokosod-prod-slivochnyy-40-aro,ARO,176,159
136303,"Сыр Аланталь плавленый сливочный батончики 40%, 190г",https://online.metro-cc.ru/products/syr-atlantal-plavlennyy-slivochnyy-batonchiki-40-190g,АЛАНТАЛЬ,169,169
136302,"Сыр Аланталь плавленый копченый батончики 40%, 190г",https://online.metro-cc.ru/products/syr-atlantal-plavlennyy-kopchenyy-batonchiki-40-190g,АЛАНТАЛЬ,169,169
133362,"Сыр Брест-Литовск Гауда 45%, 200г",https://online.metro-cc.ru/products/syr-gauda-brest-litovs-45-200g-bzmzh,БРЕСТ-ЛИТОВСК,169,219
68641,"Продукт плавленый Город сыра колбасный копченый 40%, ~800г",https://online.metro-cc.ru/products/gorod-kolbasnyj-kopchenyj-08-kg-bzmzh,ГОРОД СЫРА,169,149
122603,"Сыр Cheese Gallery Эмменталер нарезка 45%, 125г",https://online.metro-cc.ru/products/125g-45-sneese-gallery-emment-slajs-bzmzh,CHEESE GALLERY,169,209
225149,"Сыр Эконива щучанский 50%, 200г",https://online.metro-cc.ru/products/200g-syr-50-ekoniva-schuchanskiy-bzmzh,ЭКОНИВА,167,149
204102,"Сыр Laplandia копченый нарезка 45%, 130г",https://online.metro-cc.ru/products/130g-syr-45-laplandia-kopchenyy-narezka-bzmzh,LAPLANDIA,162,249
130368,"Сыр утренний Тысяча озёр нарезка 45%, 125г",https://online.metro-cc.ru/products/125g-45-utrennij-tysyacha-ozyor-nar-bzmzh,ТЫСЯЧА ОЗЁР,162,139
227593,"Сыр Viola Бутербродный 45%, 180г",https://online.metro-cc.ru/products/180g-syr-45-viola-buterbrodnyy-kusok-bzmzh,VIOLA,159,199
227592,"Сыр Laplandia Emmental 45%, 120г",https://online.metro-cc.ru/products/120g-syr-emmental-45-laplandia-narezka-bzmzh,LAPLANDIA,159,215
227574,"Сыр Laplandia Легкий 17%, 120г",https://online.metro-cc.ru/products/120g-syr-lyogkiy-17-laplandia-narezka-bzmzh,LAPLANDIA,159,209
227591,"Сыр Laplandia Эдам 45%, 120г",https://online.metro-cc.ru/products/120g-syr-edam-45-laplandia-narezka-bzmzh,LAPLANDIA,159,235
120596,"Сыр Columbus Маасдамер полутвердый нарезка 45%, 125г",https://online.metro-cc.ru/products/125g-45-maasdamer-columbus-narez-bzmzh,COLUMBUS,159,175
516186,"Сыр Bonfesto Моцарелла 5 шаров 45%, 125г",https://online.metro-cc.ru/products/mocarella-bonfesto-45-5-sharov-125g-bzmzh,BONFESTO,157,149
226198,"Сыр Киприно Голландский полутвердый 45%, 125г",https://online.metro-cc.ru/products/125g-syr-gollandskiy-45-kiprino-narezka-bzmzh,КИПРИНО,157,145
130364,"Сыр легкий Тысяча озёр нарезка 15%, 125г",https://online.metro-cc.ru/products/125g-15-legkij-tysyacha-ozyor-nar-bzmzh,ТЫСЯЧА ОЗЁР,154,139
225148,"Сыр Эконива колыбельский 45%, 200г",https://online.metro-cc.ru/products/200g-syr-45-ekoniva-kolybelskiy-bzmzh,ЭКОНИВА,154,149
216928,"aro Сыр тильзитер 45%, 200г",https://online.metro-cc.ru/products/200g-syr-tilziter-nt-45-aro-bzmzh,ARO,153,139
216923,"aro Сыр Гауда 45%, 200г",https://online.metro-cc.ru/products/200g-syr-gauda-45-aro-bzmzh,ARO,153,139
216926,"aro Сыр российский 50%, 200г",https://online.metro-cc.ru/products/200g-syr-rossiyskiy-50-aro-bzmzh,ARO,152,139
118518,"Сыр Schonfeld Тильзитер полутвердый нарезка 45%, 125г",https://online.metro-cc.ru/products/125g-45-tilziter-schonfeld-bzmzh,SCHONFELD,152,157
32200,"Сыр Долголетие Чечил спагетти ассорти №2 45%, 150г",https://online.metro-cc.ru/products/chechil-spagetti-assorti-2-dolgoletie-45-150g,ДОЛГОЛЕТИЕ,149,233
235833,"Сыр плавленый Ольхово копченый 40%, 190г",https://online.metro-cc.ru/products/syr-plavlenyy-olhovo-kopchenyy-40-190g,ОЛЬХОВО,149,175
208696,"Сыр Unagrande кремчиз без лактозы 70%, 140г",https://online.metro-cc.ru/products/140g-syr-kremchiz-70-unagrande-bez-laktozy-bzmzh,UNAGRANDE,149,215
115823,"Сыр Ларец с грецкими орехами нарезка 50%, 125г",https://online.metro-cc.ru/products/125g-syr-50-larec-grec-oreh-nar-bzmzh,ЛАРЕЦ,149,213
115822,"Сыр Ларец полутвердый с чили и паприкой 50%, 125г",https://online.metro-cc.ru/products/125g-syr-50-larec-chili-paprika-nar-bzmzh,ЛАРЕЦ,149,213
106974,"Сыр Карат карамельный десертный плавленый 30%, 230г",https://online.metro-cc.ru/products/karat-karamelnyj-desertnyj-30-230-g,КАРАТ,144,139
531397,"Сыр плавленый Карат шоколадный 30%, 230г",https://online.metro-cc.ru/products/karat-shokoladnyj-30-230-g-bzmzh,КАРАТ,144,139
106972,"Сыр Карат шоколадно-ореховый десертный плавленый 30%, 230г",https://online.metro-cc.ru/products/karat-shokoladno-orehovyj-desertnyj-30-230-g,КАРАТ,144,139
88248,"Сыр плавленый President Бри 45%, 200г",https://online.metro-cc.ru/products/art_88248,PRESIDENT,139,166
88557,"Сыр плавленый President сливочный 45%, 200г",https://online.metro-cc.ru/products/slivochnyj-president-45-200g-bzmzh,PRESIDENT,139,166
93976,"Сыр Cheese Gallery Маасдам нарезка 45%, 125г",https://online.metro-cc.ru/products/cheese-gallery-maasdam-nareznoj-bez-zamenitelya-molochnogo-zhira-120-g,CHEESE GALLERY,139,237
663842,"Сыр плавленый President Creme De Brie, 125г",https://online.metro-cc.ru/products/president-creme-de-brie-125g-bzmzh,PRESIDENT,139,209
227428,"METRO Chef Сыр гауда 45%, 200г",https://online.metro-cc.ru/products/200g-syr-gauda-45-metro-chef-kusok-bzmzh,METRO CHEF,139,139
81435,"Сыр творожный Виолетта Violette Cream cheese сливочный 70%, 180г",https://online.metro-cc.ru/products/violette-70-180-g,ВИОЛЕТТА,139,149
663844,"Сыр плавленый President Creme De Camembert, 125г",https://online.metro-cc.ru/products/president-creme-de-camembert-125g-bzmzh,PRESIDENT,139,209
228619,"Сыр Schonfeld Гауда полутвердый нарезка 45%, 125г",https://online.metro-cc.ru/products/125g-syr-gauda-45-schonfeld-narezka-bzmzh,SCHONFELD,139,165
663845,"Сыр President Крем де Блю, 125г",https://online.metro-cc.ru/products/president-creme-de-bleu-125g-bzmzh,PRESIDENT,139,209
123790,"METRO Chef Смесь тертых сыров 45%, 150г",https://online.metro-cc.ru/products/150g-smes-tyortyh-45-metro-chef-bzmzh,METRO CHEF,130,129
222909,"Сыр Almette легкий творожный 53%, 150г",https://online.metro-cc.ru/products/150g-syr-tvorozhnyy-53-almette-legkiy-bzmzh,ALMETTE,129,139
132600,"Сыр творожный Almette с зеленью 60%, 150г",https://online.metro-cc.ru/products/tvorozhnyj-almette-s-zelenyu-60-150g-bzmzh,ALMETTE,129,139
228621,"Сыр Schonfeld Эдам полутвердый нарезка 45%, 125г",https://online.metro-cc.ru/products/125g-syr-edam-45-schonfeld-narezka-bzmzh,SCHONFELD,129,172
207701,"Сыр моцарелла Unagrande палочки 45%, 120г",https://online.metro-cc.ru/products/120g-syr-motsarella-45-unagrande-palochki-bzmzh,UNAGRANDE,129,174
132601,"Сыр творожный Almette сливочный 60%, 150г",https://online.metro-cc.ru/products/tvorozhnyj-almette-slivochnyj-60-150g-bzmzh,ALMETTE,129,139
134944,"Сыр плавленый Hochland с грибами 55%, 200г",https://online.metro-cc.ru/products/plavlennyj-hochland-s-gribami-55-200g-bzmzh,HOCHLAND,129,172
396021,"Сыр творожный Almette с томатами по-итальянски 57%, 150г",https://online.metro-cc.ru/products/almette-s-tomatami-po-italyanski-150g-bzmzh,ALMETTE,129,139
138036,"Сыр творожный Viola Сливочный 70%, 150г",https://online.metro-cc.ru/products/syr-tvorozhnyy-viola-slivochnyy-70-150g-bzmzh,VIOLA,120,119
142646,"Сыр творожный Viola зелень-чеснок 66%, 150г",https://online.metro-cc.ru/products/150g-syr-tvorozhnyy-66-viola-zelenchesnok-bzmzh,VIOLA,120,119
142648,"Сыр творожный Viola оливки-розмарин 68%, 150г",https://online.metro-cc.ru/products/150g-syr-tvorozhnyy-68-viola-olivkirozmarin-bzmzh,VIOLA,120,119
666474,"Сыр плавленый Viola сливочный 45%, 180г",https://online.metro-cc.ru/products/slivochnyj-viola-doj-pak-45-180g-mdzh,VIOLA,119,149
531453,"Сыр Предгорье Кавказа Чечил-спагетти 45%, 110г",https://online.metro-cc.ru/products/predgorye-kavkaza-chechil-spagetti-45-110-g-bzmzh,ПРЕДГОРЬЕ КАВКАЗА,119,199
272898,"Сыр Предгорье Кавказа Чечил спагетти копченый 45%, 100г",https://online.metro-cc.ru/products/kopchenyj-predgorye-kavkaza-chechil-spagetti-100g-bzmzh,ПРЕДГОРЬЕ КАВКАЗА,119,177
136304,"Сыр Ольхово плавденнвй копченый слайсы 40%, 125г",https://online.metro-cc.ru/products/syr-olhovo-plavdennvy-kopchenyy-slaysy-40-125g,ОЛЬХОВО,116,116
225277,"Сыр творожный President с травами 54%, 140г",https://online.metro-cc.ru/products/140g-syr-tvorozhnyy-54-president-s-travami-bzmzh,PRESIDENT,116,109
225278,"Сыр творожный President овощи на гриле 54%, 140г",https://online.metro-cc.ru/products/140g-syr-tvorozhnyy-54-president-ovoschi-na-grile-bzmzh,PRESIDENT,116,109
225276,"Сыр творожный President сливочный 56%, 140г",https://online.metro-cc.ru/products/140g-syr-tvorozhnyy-56-president-slivochnyy-bzmzh,PRESIDENT,116,109
666827,"Сыр Burenka Club Сербский сливочный натуральный, 150г",https://online.metro-cc.ru/products/burenka-club-serbskij-150-g,BURENKA CLUB,113,110
666824,"Сыр Burenka Club Сербский сливочный со спелым томатом и базиликом, 150г",https://online.metro-cc.ru/products/burenka-club-serbskij-tomat-150-g,BURENKA CLUB,113,110
90977,"Сыр-мусс творожный President Прованс c чесноком, 120г",https://online.metro-cc.ru/products/president-s-chesnokom-120g-bzmzh,PRESIDENT,109,129
90979,"Сыр-мусс творожный President Прованс с прованскими травами, 120г",https://online.metro-cc.ru/products/president-travy-120g-bzmzh,PRESIDENT,109,129
90978,"Сыр-мусс творожный President Прованс c грибами, 120г",https://online.metro-cc.ru/products/president-griby-120g-bzmzh,PRESIDENT,109,129
88242,"Сыр Умалат Сулугуни палочки 45%, 120г",https://online.metro-cc.ru/products/suluguni-palochki-umalat-45-120-g,УМАЛАТ,109,121
129708,"Тофу Veg's Шелковый, 160г",https://online.metro-cc.ru/products/tofu-veg-039s-shelkovyj-160g,VEG`S,109,135
339785,"Продукт рассольный Сиртаки Original комбинированный для греческого салата 55%, 200г",https://online.metro-cc.ru/products/produkt-sirtaki-kombinirovannyj-smeshannogo-sostava-dlya-grecheskogo-salata-200g-bzmzh,СИРТАКИ,99,125
516327,"Сыр Сиртаки Classic рассольный для греческого салата, 200г",https://online.metro-cc.ru/products/sirtaki-slassic-dlya-grecheskogo-salata-200-g-bzmzh,СИРТАКИ,99,143
226962,"Сыр Карат плавленный сливочный с грибами 45%, 200г",https://online.metro-cc.ru/products/200g-syr-plavlenyy-45-karat-slivochnyy-s-gribami-bzmzh,КАРАТ,94,106
135188,"Сыр плавленый Viola копченый лосось 45%, 130г",https://online.metro-cc.ru/products/plavlennyj-viola-kopchenyj-losos-45-130g,VIOLA,94,99
137354,"Сыр плавленый Viola с лисичками нарезка 45%, 140г",https://online.metro-cc.ru/products/syr-plavlennyy-viola-s-lisichkami-narezka-45-140g-bzmzh,VIOLA,94,117
465113,"Сыр плавленый Viola с белыми грибами, 130г",https://online.metro-cc.ru/products/viola-s-belymi-gribami-130-g-bzmzh,VIOLA,94,99
216562,"Сыр Viola плавленный ветчина нарезка 45%, 140г",https://online.metro-cc.ru/products/140g-syr-plavlenyy-45-viola-vetchina-narezka-bzmzh,VIOLA,94,117
88182,"Сыр плавленый Карат с кусочками ветчины, 200г",https://online.metro-cc.ru/products/art_88182,КАРАТ,94,106
385716,"Сыр плавленый Viola Итальянское избранное, 130г",https://online.metro-cc.ru/products/viola-slivochnyj-italyanskoe-izbrannoe-130g-bzmzh,VIOLA,94,99
90740,"Сыр плавленый Viola Чеддер 60%, 140г",https://online.metro-cc.ru/products/slivochnyj-valio-viola-chetyre-60-140g-bzmzh,VIOLA,94,117
662320,"Сыр Viola Четыре Сыра плавленый 45%, 130г",https://online.metro-cc.ru/products/valio-viola-chetyre-8-porcij-45-130g-bzmzh,VIOLA,94,99
666473,"Сыр плавленый Viola Четыре сыра в ломтиках 45%, 140г",https://online.metro-cc.ru/products/viola-slivochnyj-45-lomtiki-140g,VIOLA,94,117
611256,Сыр плавленый Viola сливочный 130г,https://online.metro-cc.ru/products/viola-slivochnyj-bez-dobavok-130g-bzmzh,VIOLA,94,99
576012,"Сыр плавленый Viola сливочный, 140г",https://online.metro-cc.ru/products/viola-slivochnyj-140g-bzmzh,VIOLA,94,117
88183,"Сыр плавленый Карат сливочный 45%, 200г",https://online.metro-cc.ru/products/art_88183,КАРАТ,94,106
385715,"Сыр плавленый Viola Финское избранное, 130г",https://online.metro-cc.ru/products/viola-slivochnyj-finskoe-izbrannoe-130g-bzmzh,VIOLA,94,99
626299,"Сыр Pretto Рикотта мягкий 45%, 200г",https://online.metro-cc.ru/products/myagkij-rikotta-pretto-45-200-g,PRETTO,94,125
106716,"Сыр творожный Виолетта шоколадный 50%, 140г",https://online.metro-cc.ru/products/violetta-50-shokoladnyj-140g,ВИОЛЕТТА,92,105
106715,"Сыр творожный Виолетта благородные грибы 70%, 140г",https://online.metro-cc.ru/products/art_106715,ВИОЛЕТТА,92,105
132386,"Сыр творожный 70% Виолетта зелень, 140г",https://online.metro-cc.ru/products/syr-tvorozhnyy-70-violetta-zelen-140g-bzmzh,ВИОЛЕТТА,92,105
531581,"Сыр творожный Виолетта Violette маринованные огурчики, 140г",https://online.metro-cc.ru/products/violette-s-ogurcami-zelenyu-140-g-bzmzh,ВИОЛЕТТА,92,105
626013,"Сыр Pretto Фиор Ди Латте Моцарелла в воде 45%, 100г",https://online.metro-cc.ru/products/art_626013,PRETTO,89,114
626012,"Сыр Pretto Чильеджина Моцарелла в воде 45%, 100г",https://online.metro-cc.ru/products/art_626012,PRETTO,89,116
106722,"Сыр творожный Виолетта Лайт прованские травы 60%, 160г",https://online.metro-cc.ru/products/violetta-lajt-s-provanskimi-travami-60-160g,ВИОЛЕТТА,89,127
218282,"Сыр Карат плавленный ассорти 25% круг, 130г",https://online.metro-cc.ru/products/130g-syr-plavlenyy-25-karat-assorti-krug-bzmzh,КАРАТ,84,106
218279,"Сыр Карат плавленый с ветчиной слайсы 25%, 130г",https://online.metro-cc.ru/products/130g-syr-plavlenyy-25-karat-s-vetchinoy-slaysy-bzmzh,КАРАТ,79,83
218276,"Сыр Карат плавленный сливочный слайсы 25%, 130г",https://online.metro-cc.ru/products/130g-syr-plavlenyy-25-karat-slivochnyy-slaysy-bzmzh,КАРАТ,79,83
214931,"Сыр плавленый Карат Янтарь ломтиками 25%, 130г",https://online.metro-cc.ru/products/130g-syr-plavlenyy-yantar-25-karat-slaysy-bzmzh,КАРАТ,64,74
116689,"Сыр плавленый Карат с ветчиной 45%, 90г",https://online.metro-cc.ru/products/karat-s-vetchinoj-45-90-g-bzmzh,КАРАТ,45,51
116688,"Сыр плавленый Карат с белыми грибами 45%, 90г",https://online.metro-cc.ru/products/karat-s-belymi-gribami-45-90-g-bzmzh,КАРАТ,45,51
116687,"Сыр плавленый Карат с лососем 45%, 90г",https://online.metro-cc.ru/products/karat-s-lososem-45-90-g-bzmzh,КАРАТ,45,51
116686,"Сыр плавленый Карат с зеленью 45%, 90г",https://online.metro-cc.ru/products/karat-s-zelenyu-45-90-g-bzmzh,КАРАТ,42,45
132380,"Сыр плавленый Карат для супа с луком 45%, 90г",https://online.metro-cc.ru/products/syr-plavlennyy-45-dlya-supa-s-lukom-90g-bzmzh,КАРАТ,41,45
132381,"Сыр плавленый Карат для супа с грибами 45%, 90г",https://online.metro-cc.ru/products/syr-plavlennyy-45-dlya-supa-s-gribami-90g-bzmzh,КАРАТ,41,45
132378,"Сыр Карат Дружба плавленый 55%, 90г",https://online.metro-cc.ru/products/syr-plavlennyy-45-karat-druzhba-brusok-400g-bzmzh,КАРАТ,39,37
132379,"Сыр плавленый 45% Карат Волна брусок, 90г",https://online.metro-cc.ru/products/syr-plavlennyy-45-karat-volna-brusok-90g-bzmzh,КАРАТ,39,37
203415,"Сыр Карат плавленый кисломолочный, 90г",https://online.metro-cc.ru/products/90g-syr-plavlenyy-45-karat-kislomolochnyy-bzmzh,КАРАТ,39,37
368476,"Сыр Hochland Cremette творожный 65%, 10кг",https://online.metro-cc.ru/products/hochland-cremette-10kg-bzmzh,HOCHLAND,5388,4899
110477,"METRO Chef Сыр Грюйер 50%, ~400г",https://online.metro-cc.ru/products/gryujer-metro-chef-50-04-kg,METRO CHEF,4289,4149
591767,"Сыр Le Superbe Le Gruyere полутвердый 50%, ~1.5кг",https://online.metro-cc.ru/products/lustenberger-le-gruyere-15kg-bzmzh,LE SUPERBE,4109,4849
591776,"Сыр Le Superbe Emmentaler полутвердый 50%, ~1кг",https://online.metro-cc.ru/products/lustenberger-le-superbe-1kg-bzmzh,LE SUPERBE,3449,3309
591775,"Сыр Le Superbe Fior delle Alpi Lustenber твердый 50%, ~1.5кг",https://online.metro-cc.ru/products/lustenberger-fior-delle-alpi-15kg-bzmzh,LE SUPERBE,3059,3999
599215,"Сыр Dorblu Classic с голубой плесенью 50%, ~1.25кг",https://online.metro-cc.ru/products/dorblu-classic-s-goluboj-50-125kg-bzmzh,DORBLU,2899,2899
13270,"Сыр Cooking Кремчиз мягкий 70%, 5.5кг",https://online.metro-cc.ru/products/cooking-kremchiz-55kg-bzmzh,COOKING,2739,2759
549453,"Сыр Le Superbe Swiss Parm твердый 47%, ~1кг",https://online.metro-cc.ru/products/swiss-parm-lustenberger-1kg-bzmzh,LE SUPERBE,2579,3269
591773,"Сыр Le Superbe Saint Christoph мягкий 47%, ~1.7кг",https://online.metro-cc.ru/products/lustenberger-saint-christoph-le-superbe-17kg-bzmzh,LE SUPERBE,2479,3279
589171,"Сыр Le Superbe Switzerland Swiss полутвердый 49%, ~1кг",https://online.metro-cc.ru/products/lustenberger-lesuperbe-shvejcarskij-3kg-bzmzh,LE SUPERBE,2279,2279
133121,"Сыр твердый Дюрр Эконива 12 месяцев выдержки, ~900г",https://online.metro-cc.ru/products/syr-tverdyy-dyurr-ekoniva-12-mesyatsev-vyderzhki-900g-bzmzh,ЭКОНИВА,2199,2289
517948,"Сыр Рокфорти Молодея с голубой плесенью 55%, ~2.6кг",https://online.metro-cc.ru/products/s-goluboj-rokforti-55-26kg-bzmzh,РОКФОРТИ МОЛОДЕЯ,1538,1399
510983,"Сыр Золото Европы Dolce пармезан, ~6кг",https://online.metro-cc.ru/products/zoloto-evropy-dolce-parmezan-6-kg-bzmzh,DOLCE,1428,1299
43862,"Сыр Киприно Алтайский 50%, ~1кг",https://online.metro-cc.ru/products/altajskij-kiprino-50-1kg-bzmzh,КИПРИНО,1219,1099
343392,"Сыр творожный Hochland Cremette Professional 65%, 2кг",https://online.metro-cc.ru/products/hochland-cremette-professional-2kg-bzmzh,HOCHLAND,1208,1099
120580,"Сыр Columbus Маасдам копченый 45%, ~1кг",https://online.metro-cc.ru/products/1kg-45-columbus-maasdam-kopchenyj-bzmzh,COLUMBUS,1149,1309
13292,"Сыр Cooking Кремчиз мягкий 70%, 2.25кг",https://online.metro-cc.ru/products/cooking-kremchiz-225kg-bzmzh,COOKING,1129,1099
87384,"Сыр Киприно полутвердый 50%, ~1.5кг",https://online.metro-cc.ru/products/kiprino-50-15kg,КИПРИНО,1109,959
70386,"Сыр Ламбер Сливочный полутвердый 55%, ~1кг",https://online.metro-cc.ru/products/lamber-slivochnyj-55-1kg-bzmzh,ЛАМБЕР,1109,1049
213080,"Сыр Hochland плавленый Бистро чеддер 45%, 1.107кг",https://online.metro-cc.ru/products/1107kg-syr-plavlennyy-45-hochland-prof-bistro-chedder-bzmzh,HOCHLAND,999,979
146506,"Сыр Киприно Мастер полутвердый 50%, ~1.5кг",https://online.metro-cc.ru/products/master-kiprino-15kg-bzmzh,КИПРИНО,989,929
406479,"Сыр Киприно Сливочный полутвердый 50%, ~1.5кг",https://online.metro-cc.ru/products/kiprino-slivochnyj-bzmzh,КИПРИНО,979,949
471057,Сыр Киприно Российский полутвердый 50% ~1.5кг,https://online.metro-cc.ru/products/kiprino-rossijskij-50-15kg-bzmzh,КИПРИНО,979,889
115964,"Сыр Pretto Моцарелла для пиццы 45%, 1.2кг",https://online.metro-cc.ru/products/1200g-syr-45-mocarella-d-piccy-pretto-bzmzh,PRETTO,939,939
553284,"Сыр плавленый Аланталь копченый 40%, ~500г",https://online.metro-cc.ru/products/alantal-kopchenyj-40-500g,АЛАНТАЛЬ,749,747
553285,"Сыр плавленый Порховский МСЗ копченый 40%, ~400г",https://online.metro-cc.ru/products/porhovskij-msz-kopchenyj-40-400-g,ПОРХОВСКИЙ МСЗ,699,595
116244,"Тарелка сырная Cheese Gallery Special, 205г",https://online.metro-cc.ru/products/special-cheese-gallery-205g-bzmzh,CHEESE GALLERY,699,699
98478,"METRO Chef Сыр Чеддер плавленый 45%, 738г",https://online.metro-cc.ru/products/metro-chef-chedder-45-bzmzh-738-g,METRO CHEF,609,599
650351,"Сыр Hochland Cremette творожный 65%, 800г",https://online.metro-cc.ru/products/hochland-cremette-800g-bzmzh,HOCHLAND,579,609
621667,"METRO Chef Сыр Тильзитер 45%, 500г",https://online.metro-cc.ru/products/metro-chef-tilziter-narezka-45-500g,METRO CHEF,539,519
221579,"METRO Chef Сыр чеддар швейцарский 50%, 200г",https://online.metro-cc.ru/products/200g-syr-cheddar-50-metro-chef-shveytsarskiy-bzmzh,METRO CHEF,529,519
137419,"Сырный продукт Стародуб Тильзитер 45%, ~5.2кг",https://online.metro-cc.ru/products/produkt-syrnyy-starodub-tilziter-45-52kg,СТАРОДУБ,469,449
227462,"aro Сырный продукт для пиццы 45%, 1кг",https://online.metro-cc.ru/products/aro-produkt-belkovo-zhirovoy-dlya-pitstsy-45-1kg,ARO,429,429
32446,"Тарелка сырная Для тебя Сказочный вояж, 185г",https://online.metro-cc.ru/products/tarelka-say-cheese-skazochnyj-voyazh-185g-bzmzh,ДЛЯ ТЕБЯ,409,409
225501,"Сыр Natura selection Matured Havarti выдержанный 45%, 200г",https://online.metro-cc.ru/products/200g-syr-havarti-45-natura-selection-vyderzh-bzmzh,NATURA SELECTION,369,319
234234,"Сыр рикотта Galbani козий 34%, 230г",https://online.metro-cc.ru/products/syr-rikotta-galbani-koziy-34-230g,GALBANI,359,339
31810,"Сыр рассольный Moloko Group Буррата 50%, 150г",https://online.metro-cc.ru/products/moloko-group-burrata-150-g,MOLOKO GROUP,339,329
136297,"Сыр Labas Rytas твердый выдержанный Brandus 45%, 200г",https://online.metro-cc.ru/products/syr-labas-rytas-tverdyy-vyderzhannyy-brandus-45-200g,LABAS RYTAS,329,299
213125,"Сыр Кабош Neerlander Gentle кусок 50%, 180г",https://online.metro-cc.ru/products/180g-syr-neerlander-gentle-50-kabosh-kusok-bzmzh,КАБОШ,319,309
657075,"Сыр Cheezi Terra del Gusto Горгонзола с голубой плесенью 60%, 100г",https://online.metro-cc.ru/products/cheezzi-terra-del-gusto-gorgonzola-s-goluboj-60-100g-bzmzh,CHEEZI,309,299
134941,"Сыр плавленый Hochland с грибами 55%, 400г",https://online.metro-cc.ru/products/plavlennyj-hochland-s-gribami-55-400g-bzmzh,HOCHLAND,279,289
450114,"Сыр Пак Н.Ю. Тофу Королевский с оливками, 500г",https://online.metro-cc.ru/products/syr-tofu-pak-nyu-korolevskij-s-olivkami-500g-bzmzh,ПАК Н.Ю.,276,231
450116,"Сыр Пак Н.Ю. Тофу королевский с укропом, 500г",https://online.metro-cc.ru/products/syr-pak-nyu-tofu-korolevskij-s-ukropom-500g,ПАК Н.Ю.,276,231
231175,"METRO Chef Сыр швейцарский 50%, 200г",https://online.metro-cc.ru/products/metro-chef-syr-shveytsarskiy-50-200g,METRO CHEF,269,269
662409,"Сыр Coeur du nord Бюш мягкий из козьего молока в паприке, 130г",https://online.metro-cc.ru/products/coeur-du-nord-byush-v-paprike-iz-kozyego-moloka-130g-bzmzh,COEUR DU NORD,249,249
645915,"Сыр Coeur du nord Бюш молодой из козьего молока, 130г",https://online.metro-cc.ru/products/coeur-du-nord-byush-molodoj-130-g,COEUR DU NORD,249,249
532592,"Сыр Сваля нарезка 45%, 200г",https://online.metro-cc.ru/products/svalya-narezka-45-200-g-bzmzh,СВАЛЯ,229,229
105785,"Сыр Белебеевский Купеческий 52%, 190г",https://online.metro-cc.ru/products/bmk-kupecheskij-52-190g,БЕЛЕБЕЕВСКИЙ,224,229
226177,"Сыр Тысяча озёр Легкий полутвердый 15%, 200г",https://online.metro-cc.ru/products/200g-syr-legkiy-15-tysyacha-ozyor-kusok-bzmzh,ТЫСЯЧА ОЗЁР,219,219
228768,"Сыр Экомилк Fetica рассольный греческий 40%, 490г",https://online.metro-cc.ru/products/490g-syr-rassoln-40-ekomilk-fetica-grecheskiy-bzmzh,ЭКОМИЛК,219,266
203756,"Сыр Viola маасдам нарезка 45%, 120г",https://online.metro-cc.ru/products/120g-syr-45-viola-maasdam-narezka-bzmzh,VIOLA,219,189
211645,"Сыр Кабош Levenkaas нарезка 45%, 125г",https://online.metro-cc.ru/products/125g-syr-45-kabosh-levenkaas-narezka-bzmzh,КАБОШ,219,209
211346,"Сыр Mozer Камамбертли с белой плесенью 50%, 100г",https://online.metro-cc.ru/products/100g-syr-s-beloy-plesenyu-kamambertli-50-mozer-bzmzh,MOZER,216,209
120652,"Сыр творожный Экомилк 60%, 400г",https://online.metro-cc.ru/products/400g-60-ekomilk-bzmzh,ЭКОМИЛК,209,232
221860,"METRO Chef Сыр тильзитер кусок 45%, 200г",https://online.metro-cc.ru/products/200g-syr-tilziter-45-metro-chef-kusok-bzmzh,METRO CHEF,199,199
203934,"Сыр Bergstolz Swiss D'Or твердый 52%, 100г",https://online.metro-cc.ru/products/100g-syr-50-bergstolz-swiss-dor-6-mes-vyderzh-bzmzh,BERGSTOLZ,199,199
76692,"Сыр растительный Green Idea Гауда на основе крахмала, 150г",https://online.metro-cc.ru/products/art_76692,GREEN IDEA,192,179
666127,"Сыр плавленый Экомилк Сливочный 55%, 400г",https://online.metro-cc.ru/products/syr-ekomilk-plavlenyj-400-g,ЭКОМИЛК,189,199
235843,"Сыр плавленый Ольхово копченый 40%, 200г",https://online.metro-cc.ru/products/syr-plavlenyy-olhovo-kopchenyy-40-200g,ОЛЬХОВО,186,186
561793,"Сыр плавленый Viola сливочный, 200г",https://online.metro-cc.ru/products/viola-slivochnyj-200-g-bzmzh,VIOLA,186,179
203760,"Сыр Viola российский нарезка 50%, 120г",https://online.metro-cc.ru/products/120g-syr-50-viola-rossiyskiy-narezka-bzmzh,VIOLA,179,179
530840,"Сыр плавленый Аланталь копченый, 240г",https://online.metro-cc.ru/products/alantal-kopchenyj-240g-bzmzh,АЛАНТАЛЬ,176,169
133361,"Сыр Тильзитер Брест-Литовск 45%, 200г",https://online.metro-cc.ru/products/syr-tilziter-brest-litovsk-45-200g-bzmzh,БРЕСТ-ЛИТОВСК,169,219
228623,"Сыр Сваля легкий нарезка 35%, 150г",https://online.metro-cc.ru/products/150g-syr-legkiy-35-svalya-narezka-bzmzh,СВАЛЯ,169,262
448308,"Сыр плавленый Hochland Фетакса, 200г",https://online.metro-cc.ru/products/hochland-200g-bzmzh,HOCHLAND,164,159
43832,"Сыр Киприно Три сыра тертый, 200г",https://online.metro-cc.ru/products/tertyj-kiprino-tri-200g-bzmzh,КИПРИНО,159,189
103394,"Сыр Hochland Грюнландер полутвердый 50%, 150г",https://online.metro-cc.ru/products/hochland-gryunlander-narezka-50-150-g,HOCHLAND,159,262
105439,"Сыр Cheese Gallery Гауда нарезка 45%, 125г",https://online.metro-cc.ru/products/cheese-gallery-gauda-slajs-125g,CHEESE GALLERY,149,219
508975,"Сыр творожный Hochland с лесными грибами 60%, 140г",https://online.metro-cc.ru/products/hochland-s-lesnymi-gribami-140g-bzmzh,HOCHLAND,143,129
657724,"Сыр творожный Hochland с ветчиной и зеленью 60%, 140г",https://online.metro-cc.ru/products/hochland-s-vetchinoj-zelenyu-140g,HOCHLAND,143,129
204105,"Сыр Laplandia сливочный тертый 45%, 150г",https://online.metro-cc.ru/products/150g-syr-45-laplandia-slivochnyy-tertyy-bzmzh,LAPLANDIA,139,199
212487,"Сыр Laime Маасдам нарезка 45%, 125г",https://online.metro-cc.ru/products/125g-syr-maasdam-45-laime-narezka-bzmzh,LAIME,139,209
663835,"Сыр President Creme De Chevre плавленый, 125г",https://online.metro-cc.ru/products/president-creme-de-chevre-125g-bzmzh,PRESIDENT,139,209
134937,"Сыр плавленый Hochland сливочный 50%, 140г",https://online.metro-cc.ru/products/plavlennyj-hochland-slivochnyj-50-140g-bzmzh,HOCHLAND,134,133
134960,"Сыр плавленый Hochland Ассорти желтое 50%, 140г",https://online.metro-cc.ru/products/plavlennyj-hochland-assorti-zheltoe-50-140g-bzmzh,HOCHLAND,134,133
132598,"Сыр творожный Almette с огурцами и зеленью 60%, 150г",https://online.metro-cc.ru/products/tvorozhnyj-almette-s-ogurcami-zelenyu-60-150g-bzmzh,ALMETTE,129,139
134952,"Сыр плавленый Hochland сливочный 55%, 200г",https://online.metro-cc.ru/products/plavlennyj-hochland-slivochnyj-55-200g-bzmzh,HOCHLAND,129,172
534752,"Сыр плавленый Hochland со Швейцарским сыром, 200г",https://online.metro-cc.ru/products/hochland-so-shvejcarskim-200g-bzmzh,HOCHLAND,129,172
134943,"Сыр плавленый Hochland с ветчиной 55%, 200г",https://online.metro-cc.ru/products/plavlennyj-hochland-s-vetchinoj-55-200g-bzmzh,HOCHLAND,129,172
534735,"Сыр творожный Hochland сливочный 60%, 220г",https://online.metro-cc.ru/products/hochland-220g-bzmzh,HOCHLAND,129,177
534743,"Сыр творожный Hochland с зеленью 60%, 220г",https://online.metro-cc.ru/products/hochland-s-zelenyu-220g-bzmzh,HOCHLAND,129,177
666475,"Сыр плавленый Viola 4 сыра 45%, 180г",https://online.metro-cc.ru/products/slivochnyj-viola-4-doj-pak-45-180g-mdzh,VIOLA,119,149
90982,"Сыр-мусс творожный President Прованс сливочный, 120г",https://online.metro-cc.ru/products/president-120g-bzmzh,PRESIDENT,109,129
106714,"Сыр творожный Виолетта Лайт сливочный 60%, 160г",https://online.metro-cc.ru/products/art_106714,ВИОЛЕТТА,89,127
218280,"Сыр Карат плавленный сливочный круг 25%, 130г",https://online.metro-cc.ru/products/130g-syr-plavlenyy-25-karat-slivochnyy-krug-bzmzh,КАРАТ,84,106
214929,"Сыр плавленый Карат Дружба ломтиками 25%, 130г",https://online.metro-cc.ru/products/130g-syr-plavlenyy-druzhba-25-karat-slaysy-bzmzh,КАРАТ,64,74
134958,"Сыр плавленый Hochland Сливочный 35%, 100г",https://online.metro-cc.ru/products/plavlenyj-hochland-slivochnyj-35-100g-bzmzh,HOCHLAND,64,62
